{
  "proyecto": {
    "nombre": "Proyecto Sistema de Gestión",
    "descripcion": "Desarrollo de un sistema de gestión de tareas",
    "tareas": [
      {
        "titulo": "Desarrollo de API",
        "descripcion": "Desarrollo de una API RESTful",
        "fechaInicio": "2024-01-15",
        "fechaFin": "2024-02-15",
        "responsable": {
          "nombre": "Carlos López",
          "puesto": "Desarrollador",
          "correoElectronico": "carlos@nube.com",
          "experiencia": 5
        }
      },
      {
        "titulo": "Análisis de Requisitos",
        "descripcion": "Revisión de los requisitos con el cliente",
        "fechaInicio": "2024-03-01",
        "fechaFin": "2024-04-01",
        "responsable": {
          "nombre": "Ana Martínez",
          "puesto": "Analista",
          "correoElectronico": "ana@sol.es",
          "experiencia": 3
        }
      }
    ]
  }
}
