<?xml version="1.0" encoding="UTF-8" standalone="yes"?>
<proyecto>
    <nombre>Proyecto Sistema de Gestión</nombre>
    <descripcion>Desarrollo de un sistema de gestión de tareas</descripcion>
    <tareas>
        <titulo>Desarrollo de API</titulo>
        <descripcion>Desarrollo de una API RESTful</descripcion>
        <fechaInicio>2024-01-15</fechaInicio>
        <fechaFin>2024-02-15</fechaFin>
        <responsable>
            <nombre>Carlos López</nombre>
            <puesto>Desarrollador</puesto>
            <correoElectronico>carlos@ejemplo.com</correoElectronico>
            <experiencia>5</experiencia>
        </responsable>
    </tareas>
    <tareas>
        <titulo>Análisis de Requisitos</titulo>
        <descripcion>Revisión de los requisitos con el cliente</descripcion>
        <fechaInicio>2024-03-01</fechaInicio>
        <fechaFin>2024-04-01</fechaFin>
        <responsable>
            <nombre>Ana Martínez</nombre>
            <puesto>Analista</puesto>
            <correoElectronico>ana@ejemplo.com</correoElectronico>
            <experiencia>3</experiencia>
        </responsable>
    </tareas>
</proyecto>