<?xml version="1.0" encoding="UTF-8"?><proyecto><nombre>Proyecto Sistema de GestiÃ³n</nombre><descripcion>Desarrollo de un sistema de gestiÃ³n de tareas</descripcion><tareas><titulo>Desarrollo de API</titulo><descripcion>Desarrollo de una API RESTful</descripcion><fechaInicio>2024-01-15</fechaInicio><fechaFin>2024-02-15</fechaFin><responsable><nombre>Carlos LÃ³pez</nombre><puesto>Desarrollador</puesto><correoElectronico>carlos@nube.com</correoElectronico><experiencia>5</experiencia></responsable></tareas><tareas><titulo>AnÃ¡lisis de Requisitos</titulo><descripcion>RevisiÃ³n de los requisitos con el cliente</descripcion><fechaInicio>2024-03-01</fechaInicio><fechaFin>2024-04-01</fechaFin><responsable><nombre>Ana MartÃ­nez</nombre><puesto>Analista</puesto><correoElectronico>ana@sol.es</correoElectronico><experiencia>3</experiencia></responsable></tareas></proyecto>